Time,Phase,BackAzimuth,Slowness,Power
2015-09-17T15:12:15.350000,Phase,100.304846469,0.11,0.944258196817
